run,step,accuracy.debater_a,accuracy.debater_b,concession_correctness.debater_a,concession_correctness.debater_b,convergence_round,correct_and_loses.debater_a,correct_and_loses.debater_b,correct_and_wins.debater_a,correct_and_wins.debater_b,debater_accuracy_delta.debater_a,debater_accuracy_delta.debater_b,disagreement,draw_rate,env/all/ac_tokens_per_turn,env/all/accuracy.debater_a,env/all/accuracy.debater_b,env/all/by_group/frac_all_bad,env/all/by_group/frac_all_good,env/all/by_group/frac_mixed,env/all/concession_correctness.debater_a,env/all/concession_correctness.debater_b,env/all/convergence_round,env/all/correct_and_loses.debater_a,env/all/correct_and_loses.debater_b,env/all/correct_and_wins.debater_a,env/all/correct_and_wins.debater_b,env/all/debater_accuracy_delta.debater_a,env/all/debater_accuracy_delta.debater_b,env/all/disagreement,env/all/draw_rate,env/all/judge_quality,env/all/loss_rate.debater_a,env/all/loss_rate.debater_b,env/all/ob_tokens_per_turn,env/all/parse_success,env/all/parse_success.debater_a,env/all/parse_success.debater_b,env/all/reward/total,env/all/stance_change.debater_a,env/all/stance_change.debater_b,env/all/think_block_rate.debater_a,env/all/think_block_rate.debater_b,env/all/total_ac_tokens,env/all/total_episodes,env/all/total_ob_tokens,env/all/total_turns,env/all/truth_surfaced,env/all/truth_win_if_disagreement,env/all/turns_per_episode,env/all/win_rate.debater_a,env/all/win_rate.debater_b,env/all/wrong_and_loses.debater_a,env/all/wrong_and_loses.debater_b,env/all/wrong_and_wins.debater_a,env/all/wrong_and_wins.debater_b,id/accuracy.opponent,id/accuracy.trained,id/concession_correctness.opponent,id/concession_correctness.trained,id/correct_and_loses.opponent,id/correct_and_loses.trained,id/correct_and_wins.opponent,id/correct_and_wins.trained,id/debater_accuracy_delta.opponent,id/debater_accuracy_delta.trained,id/loss_rate.opponent,id/loss_rate.trained,id/parse_success.opponent,id/parse_success.trained,id/stance_change.opponent,id/stance_change.trained,id/think_block_rate.opponent,id/think_block_rate.trained,id/trained_role_is_a,id/win_rate.opponent,id/win_rate.trained,id/wrong_and_loses.opponent,id/wrong_and_loses.trained,id/wrong_and_wins.opponent,id/wrong_and_wins.trained,judge_quality,loss_rate.debater_a,loss_rate.debater_b,optim/entropy,optim/kl_sample_train_v1,optim/kl_sample_train_v2,optim/lr,parse_success,parse_success.debater_a,parse_success.debater_b,progress/batch,progress/done_frac,sampling_client/step_max,sampling_client/step_mean,sampling_client/step_min,stance_change.debater_a,stance_change.debater_b,test/env/all/ac_tokens_per_turn,test/env/all/accuracy.debater_a,test/env/all/accuracy.debater_b,test/env/all/by_group/frac_all_bad,test/env/all/by_group/frac_all_good,test/env/all/by_group/frac_mixed,test/env/all/concession_correctness.debater_a,test/env/all/concession_correctness.debater_b,test/env/all/convergence_round,test/env/all/correct_and_loses.debater_a,test/env/all/correct_and_loses.debater_b,test/env/all/correct_and_wins.debater_a,test/env/all/correct_and_wins.debater_b,test/env/all/debater_accuracy_delta.debater_a,test/env/all/debater_accuracy_delta.debater_b,test/env/all/disagreement,test/env/all/draw_rate,test/env/all/judge_quality,test/env/all/loss_rate.debater_a,test/env/all/loss_rate.debater_b,test/env/all/ob_tokens_per_turn,test/env/all/parse_success,test/env/all/parse_success.debater_a,test/env/all/parse_success.debater_b,test/env/all/reward/total,test/env/all/stance_change.debater_a,test/env/all/stance_change.debater_b,test/env/all/think_block_rate.debater_a,test/env/all/think_block_rate.debater_b,test/env/all/total_ac_tokens,test/env/all/total_episodes,test/env/all/total_ob_tokens,test/env/all/total_turns,test/env/all/truth_surfaced,test/env/all/truth_win_if_disagreement,test/env/all/turns_per_episode,test/env/all/win_rate.debater_a,test/env/all/win_rate.debater_b,test/env/all/wrong_and_loses.debater_a,test/env/all/wrong_and_loses.debater_b,test/env/all/wrong_and_wins.debater_a,test/env/all/wrong_and_wins.debater_b,think_block_rate.debater_a,think_block_rate.debater_b,time/assemble_training_data,time/compute_kl_sample_train,time/run_evals,time/sampling_time_max,time/sampling_time_mean,time/sampling_time_min,time/save_checkpoint,time/total,time/train/fwd_bwd_substep_0_mb_0_consume,time/train/fwd_bwd_substep_0_mb_0_enqueue,time/train/fwd_bwd_substep_0_mb_1_consume,time/train/fwd_bwd_substep_0_mb_1_enqueue,time/train/fwd_bwd_substep_0_mb_2_consume,time/train/fwd_bwd_substep_0_mb_2_enqueue,time/train/fwd_bwd_substep_0_mb_3_consume,time/train/fwd_bwd_substep_0_mb_3_enqueue,time/train/fwd_bwd_substep_0_mb_4_consume,time/train/fwd_bwd_substep_0_mb_4_enqueue,time/train/fwd_bwd_substep_0_mb_5_consume,time/train/fwd_bwd_substep_0_mb_5_enqueue,time/train/fwd_bwd_substep_0_mb_6_consume,time/train/fwd_bwd_substep_0_mb_6_enqueue,time/train/fwd_bwd_substep_0_mb_7_consume,time/train/fwd_bwd_substep_0_mb_7_enqueue,time/train/fwd_bwd_substep_1_mb_0_consume,time/train/fwd_bwd_substep_1_mb_0_enqueue,time/train/fwd_bwd_substep_1_mb_1_consume,time/train/fwd_bwd_substep_1_mb_1_enqueue,time/train/fwd_bwd_substep_1_mb_2_consume,time/train/fwd_bwd_substep_1_mb_2_enqueue,time/train/fwd_bwd_substep_1_mb_3_consume,time/train/fwd_bwd_substep_1_mb_3_enqueue,time/train/fwd_bwd_substep_1_mb_4_consume,time/train/fwd_bwd_substep_1_mb_4_enqueue,time/train/fwd_bwd_substep_1_mb_5_consume,time/train/fwd_bwd_substep_1_mb_5_enqueue,time/train/fwd_bwd_substep_1_mb_6_consume,time/train/fwd_bwd_substep_1_mb_6_enqueue,time/train/fwd_bwd_substep_1_mb_7_consume,time/train/fwd_bwd_substep_1_mb_7_enqueue,time/train/optim_substep_0_consume,time/train/optim_substep_0_enqueue,time/train/optim_substep_1_consume,time/train/optim_substep_1_enqueue,truth_surfaced,truth_win_if_disagreement,unclipped_grad_l2:mean,usage/judge/Qwen3.5-27B/input_tokens,usage/judge/Qwen3.5-27B/n_calls,usage/judge/Qwen3.5-27B/output_tokens,usage/judge/Qwen3.5-27B/train_tokens,usage/opponent/Qwen3.5-27B/input_tokens,usage/opponent/Qwen3.5-27B/n_calls,usage/opponent/Qwen3.5-27B/output_tokens,usage/opponent/Qwen3.5-27B/train_tokens,usage/total_cost_usd,usage/trained/Qwen3.5-27B/input_tokens,usage/trained/Qwen3.5-27B/n_calls,usage/trained/Qwen3.5-27B/output_tokens,usage/trained/Qwen3.5-27B/train_tokens,usage/training/Qwen3.5-27B/input_tokens,usage/training/Qwen3.5-27B/n_calls,usage/training/Qwen3.5-27B/output_tokens,usage/training/Qwen3.5-27B/train_tokens,win_rate.debater_a,win_rate.debater_b,wrong_and_loses.debater_a,wrong_and_loses.debater_b,wrong_and_wins.debater_a,wrong_and_wins.debater_b
seq-v1,0,0.5,0.6,-0.0625,0.043478260869565216,0.35,0.2727272727272727,0.16,0.22727272727272727,0.44,-0.0625,0.043478260869565216,0.18181818181818182,0.12,2178.8973214285716,0.5675675675675675,0.5982142857142857,0.0,0.0,1.0,0.02040816326530612,0.017857142857142856,0.13333333333333333,0.21621621621621623,0.05357142857142857,0.05405405405405406,0.25,-0.01020408163265306,0.0,0.13513513513513514,0.4732142857142857,0.5945945945945946,0.4375,0.08928571428571429,3919.801339285714,0.9665178571428571,0.9330357142857143,1.0,-0.00669642857142856,0.14285714285714285,0.125,0.9330357142857143,1.0,976146,224,1756071,448,0.6160714285714286,0.6666666666666666,2.0,0.08928571428571429,0.4375,0.21621621621621623,0.03571428571428571,0.036036036036036036,0.1875,0.5454545454545454,0.56,0.058823529411764705,-0.045454545454545456,0.22727272727272727,0.2,0.3181818181818182,0.36,0.0,0.0,0.52,0.36,0.78,0.94,0.29411764705882354,0.3181818181818182,0.82,0.92,0.68,0.36,0.52,0.22727272727272727,0.16,0.09090909090909091,0.16,0.6363636363636364,0.6,0.28,0.3598155975341797,0.00198376621119678,0.0020949856843799353,0.0004,0.86,0.76,0.96,0,0.020833333333333332,0,0.0,0,0.3125,0.30434782608695654,2394.421296296296,0.5327102803738317,0.48372093023255813,0.2037037037037037,0.0,0.7962962962962963,0.053763440860215055,0.08056872037914692,0.16176470588235295,0.17289719626168223,0.06976744186046512,0.0794392523364486,0.14418604651162792,0.026881720430107527,-0.004739336492890996,0.11737089201877934,0.4675925925925926,0.49765258215962443,0.39351851851851855,0.1388888888888889,4252.962962962963,0.9560185185185185,0.9259259259259259,0.9861111111111112,-0.008796296296296299,0.13978494623655913,0.13744075829383887,0.9166666666666666,0.9861111111111112,2068780,432,3674560,864,0.539906103286385,0.0,2.0,0.1388888888888889,0.39351851851851855,0.21495327102803738,0.06976744186046512,0.06074766355140187,0.24651162790697675,0.78,0.96,0.15624189376831055,1.2054710388183594,2795.506549835205,2086.0869681835175,1138.6741206220217,584.7030320167542,1.8890559673309326,4935.260604143143,0.050667762756347656,0.0002868175506591797,0.0253140926361084,0.0002586841583251953,0.025775909423828125,0.00016379356384277344,0.006988048553466797,0.0001761913299560547,0.0018444061279296875,0.00025272369384765625,0.0050890445709228516,0.007963895797729492,0.0057790279388427734,0.006695985794067383,13.208545207977295,0.0004930496215820312,0.053112030029296875,0.0001590251922607422,0.001651763916015625,0.00012803077697753906,0.017110109329223633,0.0007550716400146484,0.009115219116210938,0.0003120899200439453,0.012626171112060547,0.0002989768981933594,0.008270978927612305,0.0003142356872558594,0.009055852890014648,0.00021123886108398438,49.26203894615173,0.0005059242248535156,4.8160552978515625e-05,0.008327960968017578,7.390975952148438e-05,0.006300210952758789,0.6666666666666666,1.0,12819.6083984375,3498244,369,357273,0,348505,50,306856,0,0.0,5874534,1426,3296058,0,0,16,0,2505669,0.28,0.6,0.2727272727272727,0.12,0.09090909090909091,0.16
seq-v1,1,,,,,,,,,,,,,,2574.16,0.52,0.5252525252525253,0.0,0.0,1.0,0.05128205128205128,-0.010526315789473684,0.25,0.12,0.050505050505050504,0.07,0.13131313131313133,0.0,0.0,0.09090909090909091,0.52,0.5353535353535354,0.34,0.14,4866.04,0.93,0.89,0.97,-0.01400000000000001,0.10256410256410256,0.1368421052631579,0.865,0.97,1029664,200,1946416,400,0.5454545454545454,1.0,2.0,0.14,0.34,0.22,0.09090909090909091,0.07,0.20202020202020202,,,,,,,,,,,,,,,,,,,,,,,,,,,,,0.33544856309890747,0.0028157082851976156,0.0031079810578376055,0.0004,,,,1,0.041666666666666664,1,1.0,1,,,,,,,,,,,,,,,,,,,,,,,,,,,,,,,,,,,,,,,,,,,,,,,0.34784722328186035,1.3552510738372803,,2617.2378079891205,1141.7949000263213,504.56776785850525,2.4806315898895264,2669.332401037216,0.027184009552001953,0.003074169158935547,0.0034809112548828125,0.0056650638580322266,0.0020880699157714844,0.00011110305786132812,0.0020139217376708984,0.0002009868621826172,0.004995107650756836,0.00014591217041015625,0.012148141860961914,0.000186920166015625,0.002560853958129883,9.298324584960938e-05,11.17789912223816,0.00017261505126953125,0.12980318069458008,0.0001468658447265625,0.0624699592590332,0.00022602081298828125,0.06839489936828613,0.010580062866210938,0.06713724136352539,0.006521940231323242,0.03530001640319824,0.00023508071899414062,0.07681584358215332,0.00024390220642089844,0.061157941818237305,0.0011029243469238281,45.352240800857544,0.002713918685913086,4.100799560546875e-05,0.00010395050048828125,6.127357482910156e-05,0.002413034439086914,,,16687.748046875,4748544,497,468350,0,348505,50,306856,0,0.0,8138340,1938,4505384,0,0,32,0,5296874,,,,,,
seq-v1,2,,,,,,,,,,,,,,2576.532608695652,0.4090909090909091,0.4111111111111111,0.0,0.0,1.0,0.0410958904109589,0.06976744186046512,0.2261904761904762,0.14772727272727273,0.06666666666666667,0.06818181818181818,0.14444444444444443,-0.0684931506849315,-0.03488372093023256,0.125,0.44565217391304346,0.3977272727272727,0.43478260869565216,0.11956521739130435,4661.415760869565,0.9157608695652174,0.875,0.9565217391304348,-0.016847826086956518,0.1780821917808219,0.18604651162790697,0.8695652173913043,0.9510869565217391,948164,184,1715401,368,0.449438202247191,1.0,2.0,0.11956521739130435,0.43478260869565216,0.2727272727272727,0.05555555555555555,0.056818181818181816,0.2777777777777778,,,,,,,,,,,,,,,,,,,,,,,,,,,,,0.4317322075366974,0.0018486948683857918,0.0017595764948055148,0.0004,,,,2,0.0625,2,2.0,2,,,,,,,,,,,,,,,,,,,,,,,,,,,,,,,,,,,,,,,,,,,,,,,0.3060007095336914,1.1060740947723389,,3092.259507894516,1231.5935611206553,514.1273980140686,3.0301661491394043,3146.1337399482727,0.04031801223754883,0.0002110004425048828,0.003068208694458008,0.00017976760864257812,0.004177093505859375,,0.0019261837005615234,0.00018286705017089844,0.006658792495727539,0.0002758502960205078,0.0071527957916259766,0.00017595291137695312,17.490308046340942,0.00017499923706054688,,0.0001952648162841797,0.11652922630310059,0.005752086639404297,0.025152921676635742,0.0001659393310546875,0.01712799072265625,0.00013589859008789062,0.033019304275512695,0.00021409988403320312,0.0812828540802002,0.0002658367156982422,0.04024004936218262,0.0069620609283447266,0.0410919189453125,0.0002751350402832031,47.33835482597351,0.009065866470336914,4.7206878662109375e-05,5.0067901611328125e-05,9.107589721679688e-05,0.002706766128540039,,,14648.6806640625,5979763,625,564323,0,348505,50,306856,0,0.0,10293319,2450,5705271,0,0,47,0,7799650,,,,,,
seq-v1,3,,,,,,,,,,,,,,2472.84375,0.6146788990825688,0.6339285714285714,0.0,0.0,1.0,0.02,0.05555555555555555,0.08490566037735849,0.1834862385321101,0.10714285714285714,0.11009174311926606,0.20535714285714285,0.01,0.037037037037037035,0.09174311926605505,0.5,0.6238532110091743,0.36607142857142855,0.13392857142857142,4261.535714285715,0.9575892857142857,0.9330357142857143,0.9821428571428571,-0.008482142857142851,0.1,0.14814814814814814,0.9285714285714286,0.9821428571428571,1107834,224,1909168,448,0.6486486486486487,0.5,2.0,0.13392857142857142,0.36607142857142855,0.1651376146788991,0.026785714285714284,0.027522935779816515,0.16071428571428573,,,,,,,,,,,,,,,,,,,,,,,,,,,,,0.333272248506546,0.0060344780795276165,0.007098425179719925,0.0004,,,,3,0.08333333333333333,3,3.0,3,,,,,,,,,,,,,,,,,,,,,,,,,,,,,,,,,,,,,,,,,,,,,,,0.2487499713897705,1.7061638832092285,,2569.428318977356,1175.9989689162799,475.3617012500763,2.620410203933716,2612.3349001407623,0.046629905700683594,0.009838104248046875,0.0035619735717773438,0.0002181529998779297,0.001987934112548828,0.00024700164794921875,0.008325815200805664,0.00020194053649902344,0.004673957824707031,0.00017714500427246094,0.004622936248779297,0.0006399154663085938,0.0027878284454345703,0.00011610984802246094,17.194173336029053,0.00020885467529296875,0.12595367431640625,0.00014209747314453125,0.049896955490112305,0.00022792816162109375,0.03812885284423828,0.000186920166015625,0.04181385040283203,0.00022292137145996094,0.032663583755493164,0.0001850128173828125,0.028517723083496094,0.0002410411834716797,0.06319212913513184,0.0005540847778320312,34.90146207809448,0.0027108192443847656,7.82012939453125e-05,6.604194641113281e-05,0.9967989921569824,0.001737833023071289,,,39218.44140625,7231434,753,689477,0,348505,50,306856,0,0.0,12413227,2962,6928037,0,0,63,0,10542144,,,,,,
seq-v1,4,,,,,,,,,,,,,,3232.5245535714284,0.5142857142857142,0.5092592592592593,0.0,0.0,1.0,0.038461538461538464,0.07766990291262135,0.29411764705882354,0.24761904761904763,0.046296296296296294,0.0380952380952381,0.25,-0.01282051282051282,0.009708737864077669,0.11428571428571428,0.3482142857142857,0.5142857142857142,0.48214285714285715,0.16964285714285715,5615.705357142857,0.8794642857142857,0.8169642857142857,0.9419642857142857,-0.024107142857142855,0.16666666666666666,0.1553398058252427,0.8125,0.9419642857142857,1448171,224,2515836,448,0.5428571428571428,,2.0,0.16964285714285715,0.48214285714285715,0.20952380952380953,0.12037037037037036,0.13333333333333333,0.2222222222222222,,,,,,,,,,,,,,,,,,,,,,,,,,,,,0.3405507206916809,0.0018878524424508214,0.0018691053846850991,0.0004,,,,4,0.10416666666666667,4,4.0,4,,,,,,,,,,,,,,,,,,,,,,,,,,,,,,,,,,,,,,,,,,,,,,,0.3316652774810791,1.9219119548797607,,3327.1185569763184,1638.7433966568537,532.2803177833557,39.461702823638916,3486.406320810318,0.11162304878234863,0.00018405914306640625,0.03341388702392578,0.006652116775512695,0.0023758411407470703,0.00013685226440429688,0.005254268646240234,0.0008301734924316406,0.003061056137084961,0.00020623207092285156,0.007811069488525391,0.0001888275146484375,0.008465766906738281,0.0003352165222167969,22.789306163787842,0.00018787384033203125,0.17095518112182617,0.004118919372558594,0.0350499153137207,0.00040984153747558594,0.04847121238708496,0.00017881393432617188,0.08582186698913574,0.0032808780670166016,0.09363102912902832,0.0003910064697265625,0.04092001914978027,0.0002110004425048828,0.039628028869628906,0.00020194053649902344,113.7193763256073,0.002496957778930664,5.1021575927734375e-05,2.384185791015625e-05,0.0007317066192626953,0.018615007400512695,,,30867.1484375,8868034,881,825555,0,348505,50,306856,0,0.0,15198995,3474,8523336,0,0,79,0,14289143,,,,,,
seq-v1,5,0.43478260869565216,0.5,0.13333333333333333,0.0,0.35294117647058826,0.2608695652173913,0.20833333333333334,0.13043478260869565,0.25,0.0,-0.045454545454545456,0.4090909090909091,0.16,3244.6785714285716,0.4215686274509804,0.39814814814814814,0.0,0.0,1.0,0.05128205128205128,0.10101010101010101,0.30851063829787234,0.13725490196078433,0.05555555555555555,0.049019607843137254,0.10185185185185185,0.02564102564102564,0.010101010101010102,0.1782178217821782,0.39285714285714285,0.39603960396039606,0.4375,0.16964285714285715,5608.234375,0.8638392857142857,0.8035714285714286,0.9241071428571429,-0.027232142857142854,0.3076923076923077,0.30303030303030304,0.7857142857142857,0.9241071428571429,1453616,224,2512489,448,0.46534653465346537,0.2,2.0,0.16964285714285715,0.4375,0.30392156862745096,0.09259259259259259,0.09803921568627451,0.3425925925925926,0.4090909090909091,0.52,0.06666666666666667,0.045454545454545456,0.18181818181818182,0.28,0.18181818181818182,0.2,-0.06666666666666667,0.0,0.4,0.44,0.74,0.94,0.4666666666666667,0.22727272727272727,0.68,0.94,0.52,0.44,0.4,0.22727272727272727,0.16,0.2727272727272727,0.2,0.4090909090909091,0.52,0.32,0.3864445090293884,0.001555915456265211,0.0016436056466773152,0.0004,0.84,0.76,0.92,5,0.125,5,5.0,5,0.26666666666666666,0.36363636363636365,2736.25,0.5024154589371981,0.5116279069767442,0.1111111111111111,0.0,0.8888888888888888,-0.01818181818181818,0.019417475728155338,0.20634920634920634,0.1642512077294686,0.05581395348837209,0.05314009661835749,0.17209302325581396,-0.012121212121212121,-0.0048543689320388345,0.15458937198067632,0.48148148148148145,0.5072463768115942,0.3888888888888889,0.12962962962962962,4725.163194444444,0.9178240740740741,0.8611111111111112,0.9745370370370371,-0.016435185185185195,0.11515151515151516,0.1553398058252427,0.8495370370370371,0.9699074074074074,2364120,432,4082541,864,0.5384615384615384,0.3333333333333333,2.0,0.12962962962962962,0.3888888888888889,0.21256038647342995,0.06976744186046512,0.07246376811594203,0.2186046511627907,0.72,0.9,0.3676621913909912,2.123102903366089,4023.963849067688,3094.5802488327026,1566.2642788631576,613.5003960132599,1.9732918739318848,7178.41149520874,0.08045005798339844,0.003183126449584961,0.043433189392089844,0.0005810260772705078,0.03211379051208496,0.00010895729064941406,0.009050846099853516,0.00017786026000976562,0.003833770751953125,0.00015401840209960938,0.006063222885131836,0.00021076202392578125,0.004960060119628906,0.0001819133758544922,24.455313205718994,0.0004379749298095703,0.14003205299377441,0.00045108795166015625,0.0334320068359375,0.00017499923706054688,0.0395350456237793,0.0014729499816894531,0.06644511222839355,0.005873918533325195,0.10451507568359375,0.006525278091430664,0.015889883041381836,0.005304813385009766,0.02003192901611328,0.009001016616821289,52.16277289390564,0.0004429817199707031,4.1961669921875e-05,0.00012636184692382812,8.606910705566406e-05,0.00031185150146484375,0.5652173913043478,0.0,30588.5,13260712,1250,1161479,0,688352,100,638366,0,0.0,22305836,4900,12600736,0,0,95,0,18052004,0.32,0.52,0.2608695652173913,0.125,0.17391304347826086,0.2916666666666667
seq-v1,6,,,,,,,,,,,,,,3560.421296296296,0.5955056179775281,0.5490196078431373,0.0,0.0,1.0,-0.016666666666666666,0.011494252873563218,0.32926829268292684,0.16853932584269662,0.0784313725490196,0.0898876404494382,0.19607843137254902,-0.016666666666666666,0.011494252873563218,0.1590909090909091,0.42592592592592593,0.5795454545454546,0.4537037037037037,0.12037037037037036,6382.5162037037035,0.7824074074074074,0.6898148148148148,0.875,-0.043518518518518484,0.15,0.19540229885057472,0.6805555555555556,0.875,1538102,216,2757247,432,0.6559139784946236,,2.0,0.12037037037037036,0.4537037037037037,0.20224719101123595,0.049019607843137254,0.033707865168539325,0.22549019607843138,,,,,,,,,,,,,,,,,,,,,,,,,,,,,0.35488161444664,0.0014908682787790895,0.001479906728491187,0.0004,,,,6,0.14583333333333334,6,6.0,6,,,,,,,,,,,,,,,,,,,,,,,,,,,,,,,,,,,,,,,,,,,,,,,0.3639671802520752,1.6546478271484375,,3999.0616409778595,1872.9384757677715,546.9088590145111,2.8308322429656982,4080.6542620658875,0.05719780921936035,0.00019979476928710938,0.0053060054779052734,0.00021505355834960938,0.006421089172363281,0.000225067138671875,0.003231048583984375,0.000125885009765625,0.0023238658905029297,0.00017380714416503906,0.0054819583892822266,0.0011179447174072266,34.35855793952942,,,0.00037598609924316406,0.14133119583129883,0.00019478797912597656,0.053211212158203125,0.0001900196075439453,0.09171295166015625,0.00026297569274902344,0.12116408348083496,0.005594015121459961,0.11207866668701172,0.015449285507202148,0.10918498039245605,0.0005440711975097656,0.027882099151611328,0.02888202667236328,73.65627789497375,0.00943613052368164,8.487701416015625e-05,1.5020370483398438e-05,8.106231689453125e-05,0.0021810531616210938,,,27911.53515625,15009588,1378,1285973,0,688352,100,638366,0,0.0,25341624,5412,14301580,0,0,110,0,22223258,,,,,,
seq-v2,0,0.5238095238095238,0.52,0.0,0.043478260869565216,0.3,0.09523809523809523,0.2,0.14285714285714285,0.04,0.0,-0.043478260869565216,0.19047619047619047,0.48,2781.4375,0.5769230769230769,0.5769230769230769,0.0,0.0,1.0,0.05,0.16,0.1956521739130435,0.038461538461538464,0.057692307692307696,0.057692307692307696,0.057692307692307696,0.0,0.02,0.19230769230769232,0.6538461538461539,0.5384615384615384,0.21153846153846154,0.1346153846153846,5222.754807692308,0.9326923076923077,0.8846153846153846,0.9807692307692307,-0.013461538461538471,0.25,0.24,0.8846153846153846,0.9807692307692307,578539,104,1086333,208,0.6730769230769231,0.5,2.0,0.1346153846153846,0.21153846153846154,0.17307692307692307,0.07692307692307693,0.07692307692307693,0.15384615384615385,0.5238095238095238,0.52,0.06666666666666667,0.0,0.14285714285714285,0.16,0.047619047619047616,0.12,0.0,-0.041666666666666664,0.28,0.24,0.72,0.98,0.2,0.16666666666666666,0.72,0.98,0.44,0.24,0.28,0.09523809523809523,0.08,0.14285714285714285,0.16,0.47619047619047616,0.24,0.28,0.389959454536438,0.0021775963250547647,0.002421885496005416,0.0004,0.85,0.74,0.96,0,0.020833333333333332,0,0.0,0,0.25,0.13043478260869565,2366.1979166666665,0.5467289719626168,0.5092592592592593,0.6296296296296297,0.0,0.37037037037037035,0.0051813471502590676,0.05188679245283019,0.13942307692307693,0.037383177570093455,0.009259259259259259,0.009345794392523364,0.032407407407407406,0.031088082901554404,0.0047169811320754715,0.08411214953271028,0.8379629629629629,0.5046728971962616,0.11574074074074074,0.046296296296296294,4290.739583333333,0.9664351851851852,0.9421296296296297,0.9907407407407407,-0.006712962962962964,0.16062176165803108,0.1650943396226415,0.9328703703703703,0.9907407407407407,2044395,432,3707199,864,0.5654205607476636,0.3333333333333333,2.0,0.046296296296296294,0.11574074074074074,0.07009345794392523,0.037037037037037035,0.037383177570093455,0.08333333333333333,0.74,0.96,0.2681570053100586,0.48755621910095215,2507.507264137268,2126.529345035553,1236.6182612639207,561.198680639267,1.9710021018981934,4669.361671924591,0.00590205192565918,,0.006603717803955078,,0.0050029754638671875,,,0.0014939308166503906,,0.00022983551025390625,,0.007736921310424805,,,,,0.10894513130187988,,0.024222850799560547,0.00020813941955566406,0.02122187614440918,0.00012803077697753906,0.05671119689941406,0.00018787384033203125,0.03700613975524902,0.00017189979553222656,0.015137195587158203,0.00024390220642089844,31.621843099594116,0.00043702125549316406,,0.00018715858459472656,6.8659210205078125,0.00012493133544921875,6.389617919921875e-05,0.0013761520385742188,0.6363636363636364,0.0,31384.146484375,3546740,369,18854,0,278294,50,332766,0,0.0,5961286,1426,3253444,0,0,10,0,1559414,0.28,0.24,0.09523809523809523,0.08,0.09523809523809523,0.2
seq-v2,1,,,,,,,,,,,,,,3814.5401785714284,0.4339622641509434,0.45454545454545453,0.0,0.0,1.0,0.16129032258064516,0.1836734693877551,0.37254901960784315,0.07547169811320754,0.03636363636363636,0.03773584905660377,0.05454545454545454,0.03225806451612903,0.10204081632653061,0.038461538461538464,0.6071428571428571,0.4230769230769231,0.25,0.14285714285714285,7093.348214285715,0.8392857142857143,0.75,0.9285714285714286,-0.03214285714285713,0.16129032258064516,0.1836734693877551,0.7053571428571429,0.9285714285714286,854457,112,1588910,224,0.5,0.0,2.0,0.14285714285714285,0.25,0.1509433962264151,0.09090909090909091,0.11320754716981132,0.2,,,,,,,,,,,,,,,,,,,,,,,,,,,,,0.3425862193107605,0.0017511975020170212,0.0019350924994796515,0.0004,,,,1,0.041666666666666664,1,1.0,1,,,,,,,,,,,,,,,,,,,,,,,,,,,,,,,,,,,,,,,,,,,,,,,0.3482968807220459,1.1104681491851807,,2570.204246044159,1629.939563376563,801.2525207996368,1.9857110977172852,2628.1204409599304,26.539388179779053,,,,,,,,,,,,,,,0.0001232624053955078,0.14726471900939941,,0.06966090202331543,0.0017940998077392578,0.04127383232116699,0.0001621246337890625,0.05181574821472168,0.006227970123291016,0.05608868598937988,0.000247955322265625,0.016829967498779297,0.00019097328186035156,52.67652893066406,0.00047588348388671875,,0.0005319118499755859,0.0014700889587402344,1.7881393432617188e-05,0.0006067752838134766,0.00044798851013183594,,,13890.9462890625,4983528,497,21841,0,278294,50,332766,0,0.0,8411481,1938,4625356,0,0,18,0,3922516,,,,,,
seq-v2,2,,,,,,,,,,,,,,3736.2017045454545,0.4722222222222222,0.46153846153846156,0.0,0.0,1.0,0.125,0.10666666666666667,0.3333333333333333,0.1111111111111111,0.038461538461538464,0.027777777777777776,0.10256410256410256,0.0,-0.02666666666666667,0.125,0.5795454545454546,0.4305555555555556,0.29545454545454547,0.125,6420.869318181818,0.7755681818181818,0.6818181818181818,0.8693181818181818,-0.044886363636363655,0.25,0.26666666666666666,0.6704545454545454,0.8693181818181818,1315143,176,2260146,352,0.5131578947368421,0.0,2.0,0.125,0.29545454545454547,0.1111111111111111,0.08974358974358974,0.09722222222222222,0.16666666666666666,,,,,,,,,,,,,,,,,,,,,,,,,,,,,0.3696996867656708,0.0024871351197361946,0.002579954918473959,0.0004,,,,2,0.0625,2,2.0,2,,,,,,,,,,,,,,,,,,,,,,,,,,,,,,,,,,,,,,,,,,,,,,,0.3907291889190674,1.4457581043243408,,2836.8118278980255,1582.6369409994645,530.7473289966583,1.8445792198181152,2897.8148000240326,0.03619670867919922,,0.01326608657836914,0.0033957958221435547,0.009858131408691406,,15.338911056518555,,,0.0008568763732910156,,,,0.0002319812774658203,,0.00024700164794921875,0.14869928359985352,0.00020003318786621094,0.07017397880554199,0.0005772113800048828,0.06099581718444824,0.00021886825561523438,0.07650184631347656,0.0002129077911376953,0.07944822311401367,0.00022101402282714844,0.05769610404968262,0.0005829334259033203,0.016338825225830078,0.001180887222290039,54.98118996620178,0.0003559589385986328,5.1975250244140625e-05,7.176399230957031e-05,0.0005078315734863281,0.0062520503997802734,,,29199.798828125,6646936,625,26502,0,278294,50,332766,0,0.0,11127053,2450,6221135,0,0,30,0,7391224,,,,,,
seq-v2,3,,,,,,,,,,,,,,3460.5425,0.5274725274725275,0.5154639175257731,0.0,0.0,1.0,-0.014925373134328358,0.09411764705882353,0.3023255813953488,0.054945054945054944,0.061855670103092786,0.054945054945054944,0.05154639175257732,0.0,0.03529411764705882,0.08888888888888889,0.7,0.5,0.15,0.15,6155.845,0.85,0.79,0.91,-0.03000000000000001,0.19402985074626866,0.1411764705882353,0.775,0.905,1384217,200,2462338,400,0.5578947368421052,0.0,2.0,0.15,0.15,0.07692307692307693,0.08247422680412371,0.07692307692307693,0.10309278350515463,,,,,,,,,,,,,,,,,,,,,,,,,,,,,0.3104552626609802,0.005167524795979261,0.0054649231024086475,0.0004,,,,3,0.08333333333333333,3,3.0,3,,,,,,,,,,,,,,,,,,,,,,,,,,,,,,,,,,,,,,,,,,,,,,,0.2996821403503418,1.1838150024414062,,2513.2477600574493,1556.6756087970734,591.1440141201019,1.8888189792633057,2559.881317138672,0.07092499732971191,0.00019288063049316406,0.013258934020996094,,0.014913082122802734,0.0004820823669433594,0.007533073425292969,,0.01478886604309082,0.001194000244140625,27.291586875915527,0.0035758018493652344,,0.0003190040588378906,,0.00022411346435546875,0.16878604888916016,0.00498199462890625,0.057839155197143555,0.04208517074584961,0.04206681251525879,0.0005183219909667969,0.042085886001586914,0.000186920166015625,0.057749032974243164,0.0001800060272216797,0.023215055465698242,0.00015401840209960938,0.01173090934753418,0.00021004676818847656,41.069122076034546,0.00024080276489257812,5.602836608886719e-05,2.5272369384765625e-05,0.00039696693420410156,0.002193927764892578,,,44702.0390625,8312375,753,32794,0,278294,50,332766,0,0.0,13933326,2962,7817507,0,0,44,0,11002446,,,,,,
seq-v2,4,,,,,,,,,,,,,,4183.559375,0.5757575757575758,0.4864864864864865,0.0,0.0,1.0,0.025,0.08064516129032258,0.4,0.16666666666666666,0.0945945945945946,0.09090909090909091,0.12162162162162163,0.0,0.06451612903225806,0.18461538461538463,0.4375,0.5230769230769231,0.3875,0.175,7349.375,0.75625,0.6625,0.85,-0.04875000000000001,0.275,0.20967741935483872,0.65625,0.84375,1338739,160,2351800,320,0.6307692307692307,0.3333333333333333,2.0,0.175,0.3875,0.13636363636363635,0.05405405405405406,0.07575757575757576,0.25675675675675674,,,,,,,,,,,,,,,,,,,,,,,,,,,,,0.3301021158695221,0.0019597404170781374,0.0019041718915104866,0.0004,,,,4,0.10416666666666667,4,4.0,4,,,,,,,,,,,,,,,,,,,,,,,,,,,,,,,,,,,,,,,,,,,,,,,0.46259093284606934,0.49313807487487793,,3802.5629682540894,1903.9337919473649,759.7197258472443,6.403318166732788,3869.982654809952,0.023167133331298828,,0.00837397575378418,,0.006124973297119141,0.0001690387725830078,0.012745141983032227,,,0.00017404556274414062,,0.00017523765563964844,,0.00019407272338867188,,,0.15024399757385254,0.00011587142944335938,0.011188983917236328,0.0002582073211669922,0.019575119018554688,0.00024509429931640625,0.01632380485534668,0.0007128715515136719,0.009903192520141602,0.0004181861877441406,0.010474920272827148,0.0012781620025634766,0.01078486442565918,0.0006060600280761719,51.562604904174805,0.002307891845703125,3.3171350955963135,0.00011801719665527344,7.772445678710938e-05,7.286960124969482,,,26862.572265625,10095739,881,41097,0,278294,50,332766,0,0.0,16930488,3474,9538080,0,0,56,0,14553336,,,,,,
seq-v2,5,0.5652173913043478,0.44,0.0625,-0.10526315789473684,0.3125,0.08695652173913043,0.04,0.08695652173913043,0.12,-0.0625,-0.10526315789473684,0.34782608695652173,0.48,3754.4565217391305,0.3048780487804878,0.2696629213483146,0.0,0.0,1.0,0.24074074074074073,0.19736842105263158,0.4383561643835616,0.06097560975609756,0.033707865168539325,0.036585365853658534,0.0449438202247191,0.037037037037037035,0.0,0.16049382716049382,0.532608695652174,0.2839506172839506,0.2608695652173913,0.20652173913043478,6673.5,0.8179347826086957,0.7391304347826086,0.8967391304347826,-0.03641304347826087,0.3148148148148148,0.27631578947368424,0.717391304347826,0.8858695652173914,1381640,184,2455848,368,0.345679012345679,0.0,2.0,0.20652173913043478,0.2608695652173913,0.17073170731707318,0.15730337078651685,0.15853658536585366,0.2247191011235955,0.4782608695652174,0.52,-0.0625,0.0,0.043478260869565216,0.08,0.13043478260869565,0.08,-0.0625,-0.10526315789473684,0.2,0.32,0.78,0.88,0.3125,0.21052631578947367,0.82,0.86,0.48,0.32,0.2,0.13043478260869565,0.24,0.17391304347826086,0.12,0.4782608695652174,0.36,0.16,0.3604145348072052,0.0018093561520799994,0.0019158610375598073,0.0004,0.83,0.78,0.88,5,0.125,5,5.0,5,0.1875,0.3157894736842105,3042.244212962963,0.5279187817258884,0.5117370892018779,0.2962962962962963,0.0,0.7037037037037037,0.06369426751592357,0.041237113402061855,0.2594594594594595,0.03553299492385787,0.023474178403755867,0.02030456852791878,0.056338028169014086,0.006369426751592357,0.020618556701030927,0.09183673469387756,0.7731481481481481,0.5204081632653061,0.16666666666666666,0.06018518518518518,5200.181712962963,0.8807870370370371,0.8194444444444444,0.9421296296296297,-0.023842592592592596,0.10191082802547771,0.15463917525773196,0.8032407407407407,0.9421296296296297,2628499,432,4492957,864,0.5671641791044776,1.0,2.0,0.06018518518518518,0.16666666666666666,0.07614213197969544,0.03755868544600939,0.030456852791878174,0.10328638497652583,0.78,0.9,0.33888673782348633,2.2539451122283936,3583.395851135254,3146.085467815399,1746.352416805599,836.5942540168762,2.1188533306121826,6776.374256134033,0.08836197853088379,,0.04746222496032715,,0.020346879959106445,0.0004458427429199219,0.0082550048828125,0.005975008010864258,35.64683508872986,,,0.00023674964904785156,,0.00016880035400390625,,0.0011739730834960938,0.13965630531311035,0.012988805770874023,0.07786321640014648,0.00018596649169921875,0.10585188865661621,0.00026702880859375,0.05146908760070801,0.0001506805419921875,0.12314796447753906,0.0020961761474609375,0.09972000122070312,0.0002372264862060547,0.04707193374633789,0.0001499652862548828,38.407914876937866,0.03510093688964844,28.466080904006958,0.00030493736267089844,6.508827209472656e-05,0.042455196380615234,0.625,0.6666666666666666,23221.267578125,14875445,1250,63087,0,617093,100,641021,0,0.0,24641828,4900,14013433,0,0,69,0,18238819,0.16,0.36,0.2608695652173913,0.12,0.043478260869565216,0.24
seq-v2,6,,,,,,,,,,,,,,4339.045,0.6,0.5333333333333333,0.0,0.0,1.0,0.058823529411764705,0.0,0.5652173913043478,0.10666666666666667,0.05555555555555555,0.08,0.08888888888888889,0.11764705882352941,0.0273972602739726,0.12,0.58,0.5466666666666666,0.32,0.1,7665.1075,0.68,0.545,0.815,-0.06399999999999999,0.23529411764705882,0.1643835616438356,0.535,0.795,1735618,200,3066043,400,0.6923076923076923,0.2,2.0,0.1,0.32,0.09333333333333334,0.05555555555555555,0.02666666666666667,0.2,,,,,,,,,,,,,,,,,,,,,,,,,,,,,0.35777804255485535,0.0015811979537829757,0.001534256967715919,0.0004,,,,6,0.14583333333333334,6,6.0,6,,,,,,,,,,,,,,,,,,,,,,,,,,,,,,,,,,,,,,,,,,,,,,,0.379993200302124,1.980618953704834,,4133.254066228867,2808.24099111557,674.0169539451599,1.772712230682373,4195.676021099091,0.06519913673400879,,0.02977299690246582,0.0055201053619384766,0.004729032516479492,0.003206014633178711,0.013092041015625,,0.01243901252746582,0.00013303756713867188,27.495896816253662,0.0004878044128417969,,0.0002827644348144531,,0.00019502639770507812,0.20439410209655762,0.0012791156768798828,0.07193803787231445,0.0002460479736328125,0.05831193923950195,0.0021240711212158203,0.0706629753112793,0.00018310546875,0.05202913284301758,0.00018405914306640625,0.02024102210998535,0.00933980941772461,0.017686128616333008,0.010561943054199219,53.94133687019348,0.06263208389282227,6.580352783203125e-05,4.00543212890625e-05,1.3560969829559326,0.0022432804107666016,,,30446.57421875,16885588,1378,72271,0,617093,100,641021,0,0.0,28022435,5412,15955546,0,0,83,0,22963143,,,,,,
hybrid,0,0.64,0.6086956521739131,0.23529411764705882,0.058823529411764705,0.75,0.24,0.2608695652173913,0.28,0.21739130434782608,0.23529411764705882,0.11764705882352941,0.30434782608695654,0.2,3025.345108695652,0.5543478260869565,0.5714285714285714,0.0,0.0,1.0,0.0641025641025641,0.07692307692307693,0.45348837209302323,0.06521739130434782,0.18681318681318682,0.18478260869565216,0.08791208791208792,0.0,0.02564102564102564,0.0989010989010989,0.45652173913043476,0.5604395604395604,0.21739130434782608,0.32608695652173914,4521.557065217391,0.9211956521739131,0.9239130434782609,0.9184782608695652,-0.015760869565217404,0.2948717948717949,0.3076923076923077,0.9021739130434783,0.8913043478260869,1113327,184,1663933,368,0.6043956043956044,1.0,2.0,0.32608695652173914,0.21739130434782608,0.15217391304347827,0.13186813186813187,0.14130434782608695,0.13186813186813187,0.6086956521739131,0.64,0.2222222222222222,0.12,0.34782608695652173,0.16,0.13043478260869565,0.36,0.2222222222222222,0.16,0.52,0.28,0.64,1.0,0.4444444444444444,0.12,0.54,0.96,0.44,0.28,0.52,0.17391304347826086,0.12,0.17391304347826086,0.16,0.6521739130434783,0.32,0.48,0.3950261175632477,0.0025492259301245213,0.002621402032673359,0.0004,0.82,0.84,0.8,0,0.020833333333333332,0,0.0,0,0.23529411764705882,0.17647058823529413,2958.1354166666665,0.5370370370370371,0.5868544600938967,0.2037037037037037,0.0,0.7962962962962963,0.13333333333333333,0.1092896174863388,0.441025641025641,0.07407407407407407,0.11737089201877934,0.08796296296296297,0.09859154929577464,0.044444444444444446,0.08196721311475409,0.107981220657277,0.5462962962962963,0.5492957746478874,0.2175925925925926,0.2361111111111111,4432.020833333333,0.9166666666666666,0.9166666666666666,0.9166666666666666,-0.016666666666666673,0.2111111111111111,0.28415300546448086,0.9120370370370371,0.9050925925925926,2555829,432,3829266,864,0.6074766355140186,0.5,2.0,0.2361111111111111,0.2175925925925926,0.14351851851851852,0.11737089201877934,0.14814814814814814,0.11737089201877934,0.74,0.76,0.24376606941223145,1.1156558990478516,1894.3324542045593,1639.8415009975433,907.8339966276418,451.55922508239746,3.734910011291504,3582.4067647457123,0.045886993408203125,0.0005660057067871094,0.005026578903198242,,0.0015599727630615234,0.00017118453979492188,0.001974821090698242,0.0069580078125,0.0019311904907226562,0.00011920928955078125,0.003919124603271484,0.00015592575073242188,32.955846071243286,0.00020313262939453125,,0.00022411346435546875,0.120758056640625,,0.015110015869140625,0.00023984909057617188,0.046540021896362305,0.0002129077911376953,0.01189279556274414,0.000186920166015625,0.012800216674804688,0.0062677860260009766,0.015344858169555664,0.0002219676971435547,41.84405493736267,0.00026798248291015625,,0.0007586479187011719,0.00010704994201660156,2.002716064453125e-05,0.0009310245513916016,0.00036215782165527344,0.7391304347826086,0.5,20799.630859375,4376800,369,49108,0,290741,50,347984,0,0.0,6145099,1426,4052852,0,0,14,0,2611488,0.48,0.32,0.08,0.21739130434782608,0.2,0.13043478260869565
hybrid,1,,,,,,,,,,,,,,4091.4285714285716,0.569620253164557,0.5555555555555556,0.0,0.0,1.0,0.018518518518518517,0.14285714285714285,0.5076923076923077,0.17721518987341772,0.16049382716049382,0.189873417721519,0.1728395061728395,0.037037037037037035,0.16071428571428573,0.18421052631578946,0.36904761904761907,0.5394736842105263,0.34523809523809523,0.2857142857142857,6041.172619047619,0.8035714285714286,0.7916666666666666,0.8154761904761905,-0.039285714285714306,0.2037037037037037,0.32142857142857145,0.7797619047619048,0.8154761904761905,1374720,168,2029834,336,0.6708860759493671,0.5714285714285714,2.0,0.2857142857142857,0.34523809523809523,0.12658227848101267,0.1111111111111111,0.11392405063291139,0.1728395061728395,,,,,,,,,,,,,,,,,,,,,,,,,,,,,0.35898756980895996,0.001624560565687716,0.0015395578229799867,0.0004,,,,1,0.041666666666666664,1,1.0,1,,,,,,,,,,,,,,,,,,,,,,,,,,,,,,,,,,,,,,,,,,,,,,,0.4392280578613281,1.1948227882385254,,2284.2202591896057,1312.5335215046293,523.0197939872742,2.2012460231781006,2338.2989840507507,0.06751298904418945,0.05176806449890137,0.002050161361694336,,0.002515077590942383,,0.006802797317504883,0.000335693359375,21.070711851119995,,,0.00015091896057128906,,0.00020575523376464844,,0.0001347064971923828,0.16868996620178223,0.00022220611572265625,0.08457374572753906,0.0002377033233642578,0.03357815742492676,0.0001671314239501953,0.08402633666992188,0.0001888275146484375,0.08655714988708496,0.0002491474151611328,0.07281899452209473,0.0006451606750488281,0.12191486358642578,0.000553131103515625,46.413710832595825,0.008363008499145508,5.2928924560546875e-05,0.003370046615600586,1.334122896194458,0.0014829635620117188,,,24536.615234375,6150703,497,61128,0,290741,50,347984,0,0.0,8672475,1938,5786532,0,0,27,0,5848685,,,,,,
hybrid,2,,,,,,,,,,,,,,3304.6488095238096,0.38271604938271603,0.36585365853658536,0.0,0.0,1.0,0.2028985507246377,0.31343283582089554,0.5492957746478874,0.09876543209876543,0.12195121951219512,0.12345679012345678,0.08536585365853659,0.043478260869565216,0.04477611940298507,0.1375,0.44047619047619047,0.3625,0.23809523809523808,0.32142857142857145,5040.476190476191,0.8898809523809523,0.8928571428571429,0.8869047619047619,-0.022023809523809522,0.3188405797101449,0.43283582089552236,0.8809523809523809,0.8869047619047619,1110362,168,1693600,336,0.3950617283950617,0.0,2.0,0.32142857142857145,0.23809523809523808,0.12345679012345678,0.1951219512195122,0.20987654320987653,0.14634146341463414,,,,,,,,,,,,,,,,,,,,,,,,,,,,,0.3074359595775604,0.014481696300208569,0.01886768452823162,0.0004,,,,2,0.0625,2,2.0,2,,,,,,,,,,,,,,,,,,,,,,,,,,,,,,,,,,,,,,,,,,,,,,,0.30262303352355957,1.0215706825256348,,2015.1541929244995,1017.8846943151383,479.26692509651184,2.1160178184509277,2058.333167076111,0.041323184967041016,,0.0038290023803710938,0.0027840137481689453,0.0026760101318359375,,8.713789939880371,,12.683135032653809,0.0068929195404052734,,0.0001361370086669922,,0.00017118453979492188,,0.00011610984802246094,0.12573909759521484,0.0001850128173828125,0.05890202522277832,0.012736797332763672,0.08284592628479004,0.0002200603485107422,0.07503223419189453,0.00018310546875,0.07255816459655762,0.0002651214599609375,0.08356785774230957,0.00022101402282714844,0.0675971508026123,0.0002338886260986328,37.52653217315674,0.0016772747039794922,7.510185241699219e-05,1.52587890625e-05,7.200241088867188e-05,0.0005800724029541016,,,111326.7578125,7669500,625,69229,0,290741,50,347984,0,0.0,10881683,2450,7248263,0,0,40,0,8461621,,,,,,
hybrid,3,,,,,,,,,,,,,,3737.3880208333335,0.4945054945054945,0.5,0.0,0.0,1.0,0.12857142857142856,0.18840579710144928,0.4594594594594595,0.10989010989010989,0.1276595744680851,0.10989010989010989,0.10638297872340426,0.014285714285714285,0.028985507246376812,0.18888888888888888,0.5,0.5,0.2708333333333333,0.22916666666666666,5662.416666666667,0.84375,0.8385416666666666,0.8489583333333334,-0.031250000000000014,0.24285714285714285,0.2753623188405797,0.8125,0.828125,1435157,192,2174368,384,0.5444444444444444,0.5,2.0,0.22916666666666666,0.2708333333333333,0.13186813186813187,0.09574468085106383,0.13186813186813187,0.1595744680851064,,,,,,,,,,,,,,,,,,,,,,,,,,,,,0.30729764699935913,0.0054498412646353245,0.005044163670390844,0.0004,,,,3,0.08333333333333333,3,3.0,3,,,,,,,,,,,,,,,,,,,,,,,,,,,,,,,,,,,,,,,,,,,,,,,4.279475927352905,0.33721494674682617,,2061.7837419509888,1166.5065308213234,459.6409652233124,2.205681085586548,2106.812269926071,0.08215594291687012,0.0001227855682373047,0.019952774047851562,0.00014781951904296875,0.011913061141967773,0.00013184547424316406,0.03925180435180664,0.009466886520385742,0.0045223236083984375,0.00011229515075683594,0.0042340755462646484,,86.46992206573486,0.002824068069458008,,0.00015592575073242188,0.06788206100463867,0.00018215179443359375,0.00839996337890625,0.00036787986755371094,0.009501218795776367,0.0002460479736328125,0.00838613510131836,0.00018596649169921875,0.009300947189331055,0.006684303283691406,0.010768890380859375,0.00023412704467773438,0.01016688346862793,0.0003058910369873047,37.41979908943176,0.01096796989440918,5.507469177246094e-05,7.891654968261719e-05,4.506111145019531e-05,2.9087066650390625e-05,,,51180.73828125,9458669,753,80471,0,290741,50,347984,0,0.0,13498739,2962,8972612,0,0,55,0,11866565,,,,,,
hybrid,4,,,,,,,,,,,,,,4676.790760869565,0.6197183098591549,0.5925925925925926,0.0,0.0,1.0,0.0,0.1951219512195122,0.5409836065573771,0.1267605633802817,0.1111111111111111,0.09859154929577464,0.14814814814814814,0.0425531914893617,0.0975609756097561,0.15942028985507245,0.45652173913043476,0.5942028985507246,0.2608695652173913,0.2826086956521739,6935.494565217391,0.6521739130434783,0.6413043478260869,0.6630434782608695,-0.06956521739130435,0.0851063829787234,0.34146341463414637,0.6195652173913043,0.6630434782608695,1721059,184,2552262,368,0.7027027027027027,0.25,2.0,0.2826086956521739,0.2608695652173913,0.014084507042253521,0.18518518518518517,0.22535211267605634,0.08641975308641975,,,,,,,,,,,,,,,,,,,,,,,,,,,,,0.30324575304985046,0.0026724671479314566,0.0028657116927206516,0.0004,,,,4,0.10416666666666667,4,4.0,4,,,,,,,,,,,,,,,,,,,,,,,,,,,,,,,,,,,,,,,,,,,,,,,0.28882694244384766,1.3345990180969238,,2564.552211046219,1672.9087425314863,478.8836770057678,35.63399696350098,2676.0220019817352,0.0815889835357666,0.0001289844512939453,0.0147247314453125,0.00012636184692382812,0.016391992568969727,0.00020599365234375,0.021030902862548828,0.00010991096496582031,0.014519929885864258,0.00012183189392089844,0.00796198844909668,0.00010609626770019531,25.75246500968933,,,0.0033981800079345703,0.07763290405273438,0.0001838207244873047,0.07606983184814453,0.0023670196533203125,0.03609299659729004,0.00019979476928710938,0.027465105056762695,0.00028204917907714844,0.022642850875854492,0.0002560615539550781,0.02089238166809082,0.00032520294189453125,44.13112187385559,0.0001838207244873047,28.14491319656372,0.0002830028533935547,5.316734313964844e-05,5.125999450683594e-05,0.0001010894775390625,0.0006649494171142578,,,40197.48046875,11555719,881,101336,0,290741,50,347984,0,0.0,16502061,3474,11005176,0,0,70,0,16013980,,,,,,
hybrid,5,0.5,0.47619047619047616,0.4166666666666667,0.07142857142857142,0.5,0.0,0.19047619047619047,0.15,0.047619047619047616,0.3333333333333333,-0.14285714285714285,0.3157894736842105,0.375,4270.919270833333,0.4146341463414634,0.43956043956043955,0.0,0.0,1.0,0.1702127659574468,0.15517241379310345,0.6944444444444444,0.06097560975609756,0.06593406593406594,0.04878048780487805,0.07692307692307693,0.0425531914893617,0.034482758620689655,0.08860759493670886,0.4479166666666667,0.45569620253164556,0.25,0.3020833333333333,6522.421875,0.7239583333333334,0.671875,0.7760416666666666,-0.05520833333333334,0.3404255319148936,0.46551724137931033,0.6666666666666666,0.765625,1640033,192,2504610,384,0.5,1.0,2.0,0.3020833333333333,0.25,0.15853658536585366,0.2087912087912088,0.21951219512195122,0.17582417582417584,0.35,0.6190476190476191,0.0,0.375,0.05,0.14285714285714285,0.1,0.09523809523809523,-0.1,0.1875,0.20833333333333334,0.4166666666666667,0.625,0.7708333333333334,0.4,0.375,0.6458333333333334,0.7708333333333334,0.4583333333333333,0.4166666666666667,0.20833333333333334,0.1,0.23809523809523808,0.35,0.09523809523809523,0.42105263157894735,0.25,0.375,0.3546050488948822,0.0017574102384969592,0.0017482680268585682,0.0004,0.6979166666666666,0.6666666666666666,0.7291666666666666,5,0.125,5,5.0,5,0.4166666666666667,0.35714285714285715,3753.3993055555557,0.5854922279792746,0.5665024630541872,0.24074074074074073,0.0,0.7592592592592593,0.06060606060606061,0.07801418439716312,0.40963855421686746,0.05699481865284974,0.06896551724137931,0.06217616580310881,0.06403940886699508,0.07575757575757576,0.05673758865248227,0.12834224598930483,0.5787037037037037,0.5882352941176471,0.2037037037037037,0.2175925925925926,5508.460648148148,0.7743055555555556,0.7523148148148148,0.7962962962962963,-0.0451388888888889,0.21212121212121213,0.2198581560283688,0.7430555555555556,0.7916666666666666,3242937,432,4759310,864,0.6335078534031413,0.5,2.0,0.2175925925925926,0.2037037037037037,0.10880829015544041,0.12807881773399016,0.13989637305699482,0.13793103448275862,0.6875,0.7291666666666666,0.13080096244812012,1.5063831806182861,3167.887531042099,1959.4398882389069,1287.3922911584377,441.9858899116516,2.031492233276367,5343.596520900726,0.0732722282409668,0.00020694732666015625,0.01794600486755371,0.0002620220184326172,0.01535797119140625,0.0006818771362304688,0.022665023803710938,0.006584882736206055,0.01635003089904785,,0.015317916870117188,0.004372119903564453,27.584637880325317,0.0001919269561767578,,0.00033211708068847656,0.13423681259155273,0.00045180320739746094,0.0736546516418457,0.0002002716064453125,0.08756494522094727,0.0002570152282714844,0.05479717254638672,0.011549949645996094,0.048957109451293945,0.0004718303680419922,0.022155046463012695,0.0007789134979248047,0.022003173828125,0.00047588348388671875,31.215875148773193,0.0001289844512939453,0.0001232624053955078,0.00438690185546875,8.440017700195312e-05,0.012419700622558594,0.65,0.3333333333333333,38096.7265625,17391068,1250,143522,0,603711,100,678065,0,0.0,24579349,4900,16469270,0,0,85,0,20042562,0.375,0.25,0.25,0.09523809523809523,0.2,0.23809523809523808
hybrid,6,,,,,,,,,,,,,,4787.267857142857,0.6710526315789473,0.5425531914893617,0.0,0.0,1.0,0.046511627906976744,0.10714285714285714,0.6212121212121212,0.15789473684210525,0.10638297872340426,0.11842105263157894,0.1595744680851064,0.046511627906976744,0.03571428571428571,0.15789473684210525,0.41964285714285715,0.6447368421052632,0.3392857142857143,0.24107142857142858,6946.256696428572,0.6004464285714286,0.53125,0.6696428571428571,-0.0799107142857143,0.27906976744186046,0.42857142857142855,0.5357142857142857,0.6651785714285714,2144696,224,3111923,448,0.7272727272727273,0.3333333333333333,2.0,0.24107142857142858,0.3392857142857143,0.06578947368421052,0.11702127659574468,0.13157894736842105,0.19148936170212766,,,,,,,,,,,,,,,,,,,,,,,,,,,,,0.33460745215415955,0.0014297232264652848,0.0014780855271965265,0.0004,,,,6,0.14583333333333334,6,6.0,6,,,,,,,,,,,,,,,,,,,,,,,,,,,,,,,,,,,,,,,,,,,,,,,0.31989002227783203,1.4717886447906494,,3645.9437820911407,2069.48293362345,453.55645394325256,2.7674310207366943,3704.703325986862,0.03437185287475586,0.0002319812774658203,0.02040410041809082,0.00011706352233886719,0.020357131958007812,,0.008145809173583984,0.00025200843811035156,0.008213043212890625,0.000186920166015625,0.0077610015869140625,0.0002868175506591797,32.29296016693115,0.0001952648162841797,,0.04395914077758789,0.21659207344055176,0.00019288063049316406,0.08701419830322266,0.0034089088439941406,0.06781697273254395,0.0019986629486083984,0.03747415542602539,0.001238107681274414,0.025339126586914062,0.0002598762512207031,0.0371859073638916,0.0005211830139160156,0.01510763168334961,0.01227426528930664,51.2029287815094,0.0004851818084716797,7.200241088867188e-05,0.003401041030883789,0.0004191398620605469,0.00042891502380371094,,,43091.62890625,19727461,1378,161112,0,603711,100,678065,0,0.0,27866624,5412,18741825,0,0,100,0,25192658,,,,,,
hybrid,7,,,,,,,,,,,,,,4555.024038461538,0.45121951219512196,0.5,0.0,0.0,1.0,0.02,0.0,0.484375,0.024390243902439025,0.09523809523809523,0.0975609756097561,0.07142857142857142,-0.08,-0.038461538461538464,0.15584415584415584,0.5576923076923077,0.4935064935064935,0.25961538461538464,0.18269230769230768,6559.502403846154,0.6442307692307693,0.6346153846153846,0.6538461538461539,-0.07115384615384615,0.18,0.23076923076923078,0.6298076923076923,0.6538461538461539,1894890,208,2728753,416,0.55,0.3333333333333333,2.0,0.18269230769230768,0.25961538461538464,0.17073170731707318,0.11904761904761904,0.12195121951219512,0.14285714285714285,,,,,,,,,,,,,,,,,,,,,,,,,,,,,0.3303411304950714,0.0017123667057603598,0.0017477150540798903,0.0004,,,,7,0.16666666666666666,7,7.0,7,,,,,,,,,,,,,,,,,,,,,,,,,,,,,,,,,,,,,,,,,,,,,,,0.27527594566345215,1.7788631916046143,,4939.592109918594,2995.54409967936,1641.7959287166595,2.0861167907714844,4980.6379017829895,0.05588507652282715,,0.009579896926879883,0.003926992416381836,0.005548000335693359,0.0002689361572265625,0.0032150745391845703,0.0001709461212158203,0.005107879638671875,0.00013327598571777344,0.011662006378173828,0.00022411346435546875,30.901916980743408,0.007459878921508789,,0.000202178955078125,0.19757986068725586,0.008739948272705078,0.04323983192443848,0.0078029632568359375,0.06761288642883301,0.0002608299255371094,0.09351706504821777,0.00020003318786621094,0.07541704177856445,0.0002770423889160156,0.022118091583251953,0.01850414276123047,0.022202014923095703,0.0006129741668701172,34.24122381210327,0.0002460479736328125,6.508827209472656e-05,1.9788742065429688e-05,6.818771362304688e-05,0.0005719661712646484,,,36125.37890625,21895334,1506,175542,0,603711,100,678065,0,0.0,30890392,5924,20843001,0,0,115,0,29686820,,,,,,
simultaneous,0,0.5909090909090909,0.6086956521739131,0.0,0.05555555555555555,0.5714285714285714,0.22727272727272727,0.17391304347826086,0.13636363636363635,0.2608695652173913,0.05263157894736842,0.1111111111111111,0.4,0.24,2845.814903846154,0.4326923076923077,0.47115384615384615,0.0,0.0,1.0,0.0,0.10227272727272728,0.31343283582089554,0.125,0.18269230769230768,0.1346153846153846,0.11538461538461539,-0.042105263157894736,0.022727272727272728,0.3942307692307692,0.28846153846153844,0.4230769230769231,0.3076923076923077,0.40384615384615385,3614.199519230769,0.9399038461538461,0.9567307692307693,0.9230769230769231,-0.012019230769230772,0.25263157894736843,0.23863636363636365,0.9375,0.9182692307692307,1183859,208,1503507,416,0.5288461538461539,0.15384615384615385,2.0,0.40384615384615385,0.3076923076923077,0.18269230769230768,0.22115384615384615,0.2692307692307692,0.19230769230769232,0.6,0.6,0.0,0.04,0.15,0.24,0.25,0.16,0.16666666666666666,0.04,0.32,0.44,0.64,1.0,0.16666666666666666,0.28,0.6,0.96,0.64,0.44,0.32,0.1,0.2,0.2,0.16,0.6,0.48,0.28,0.39145708084106445,0.0022025760263204575,0.002337244339287281,0.0004,0.82,0.82,0.82,0,0.020833333333333332,0,0.0,0,0.3157894736842105,0.16666666666666666,2994.7627314814813,0.5280373831775701,0.5185185185185185,0.16666666666666666,0.0,0.8333333333333334,0.044444444444444446,0.032432432432432434,0.27044025157232704,0.09345794392523364,0.12962962962962962,0.1261682242990654,0.08796296296296297,-0.016666666666666666,0.010810810810810811,0.3037383177570093,0.4537037037037037,0.4953271028037383,0.24074074074074073,0.3055555555555556,3756.652777777778,0.9201388888888888,0.9120370370370371,0.9282407407407407,-0.015972222222222224,0.2,0.16216216216216217,0.9004629629629629,0.9189814814814815,2587475,432,3245748,864,0.6046511627906976,0.45454545454545453,2.0,0.3055555555555556,0.24074074074074073,0.14485981308411214,0.17592592592592593,0.17757009345794392,0.1527777777777778,0.8,0.76,0.21112918853759766,0.7983560562133789,1345.5676469802856,1430.8667788505554,707.5712546018453,239.94693994522095,65.4681408405304,2879.652986764908,0.03164219856262207,0.0002942085266113281,0.002332925796508789,0.00015211105346679688,0.005978107452392578,0.00016999244689941406,0.003142118453979492,0.00012612342834472656,0.005510807037353516,0.00015425682067871094,0.0016369819641113281,9.179115295410156e-05,0.004246950149536133,0.0001850128173828125,16.0766179561615,0.00014901161193847656,0.07289290428161621,0.00024890899658203125,0.028236865997314453,0.00019097328186035156,0.0031571388244628906,0.0002810955047607422,0.0036957263946533203,0.00011706352233886719,0.012791156768798828,0.00018310546875,0.010245323181152344,0.0003211498260498047,0.014728069305419922,0.00022912025451660156,34.78086304664612,0.00032806396484375,3.886222839355469e-05,2.193450927734375e-05,0.5740261077880859,0.017406940460205078,0.6818181818181818,0.0,23853.27734375,4411811,369,30823,0,257568,50,334809,0,0.0,5208802,1426,4097255,0,0,16,0,2466811,0.28,0.48,0.22727272727272727,0.08695652173913043,0.13636363636363635,0.21739130434782608
simultaneous,1,,,,,,,,,,,,,,3536.141826923077,0.5742574257425742,0.5247524752475248,0.0,0.0,1.0,0.0,0.0,0.38961038961038963,0.15841584158415842,0.1782178217821782,0.18811881188118812,0.1188118811881188,-0.012195121951219513,0.02702702702702703,0.25,0.36538461538461536,0.53,0.28846153846153844,0.34615384615384615,4561.194711538462,0.8605769230769231,0.8798076923076923,0.8413461538461539,-0.02788461538461539,0.17073170731707318,0.13513513513513514,0.8653846153846154,0.8269230769230769,1471035,208,1897457,416,0.6336633663366337,0.5,2.0,0.34615384615384615,0.28846153846153844,0.13861386138613863,0.15841584158415842,0.1485148514851485,0.1782178217821782,,,,,,,,,,,,,,,,,,,,,,,,,,,,,0.3355639576911926,0.0016268417239189148,0.0015946358907967806,0.0004,,,,1,0.041666666666666664,1,1.0,1,,,,,,,,,,,,,,,,,,,,,,,,,,,,,,,,,,,,,,,,,,,,,,,0.2587769031524658,1.0356929302215576,,1857.1673920154572,1039.1203958437993,298.3664000034332,2.544532060623169,1903.1956129074097,0.04996895790100098,0.0001499652862548828,0.012571096420288086,0.0001418590545654297,0.007887125015258789,,0.005316019058227539,,0.0062329769134521484,0.00017261505126953125,14.245911121368408,0.00019311904907226562,,0.00021696090698242188,,0.00016021728515625,0.12057900428771973,0.0002751350402832031,0.039453983306884766,0.00019288063049316406,0.04832911491394043,0.0001747608184814453,0.014178037643432617,0.014347076416015625,0.07291102409362793,0.007355213165283203,0.01640486717224121,0.00037288665771484375,0.00937795639038086,0.020886898040771484,40.40018606185913,0.0003352165222167969,5.817413330078125e-05,0.000579833984375,0.0006887912750244141,0.0024259090423583984,,,26733.166015625,6077017,497,43893,0,257568,50,334809,0,0.0,7275258,1938,5708044,0,0,30,0,5647828,,,,,,
simultaneous,2,,,,,,,,,,,,,,4157.5162037037035,0.6129032258064516,0.56,0.0,0.0,1.0,0.14705882352941177,0.01639344262295082,0.4666666666666667,0.1827956989247312,0.15,0.17204301075268819,0.16,0.07352941176470588,0.04918032786885246,0.22580645161290322,0.3333333333333333,0.5806451612903226,0.35185185185185186,0.3148148148148148,5123.625,0.7453703703703703,0.7453703703703703,0.7453703703703703,-0.05092592592592595,0.2647058823529412,0.14754098360655737,0.7129629629629629,0.7129629629629629,1796047,216,2213406,432,0.6595744680851063,0.6,2.0,0.3148148148148148,0.35185185185185186,0.15053763440860216,0.18,0.17204301075268819,0.2,,,,,,,,,,,,,,,,,,,,,,,,,,,,,0.3426429033279419,0.0032982334960252047,0.003554891562089324,0.0004,,,,2,0.0625,2,2.0,2,,,,,,,,,,,,,,,,,,,,,,,,,,,,,,,,,,,,,,,,,,,,,,,0.26390719413757324,0.9609229564666748,,1701.1805799007416,1134.2961714002822,256.08241295814514,75.78625512123108,1903.7899079322815,0.13573908805847168,0.00102996826171875,0.04267001152038574,,0.019362926483154297,0.0002579689025878906,0.02291584014892578,0.00016570091247558594,0.026894092559814453,0.0010228157043457031,0.0055980682373046875,0.0001621246337890625,59.77484321594238,0.0003669261932373047,,0.0002338886260986328,0.13925790786743164,0.000225067138671875,0.026061058044433594,0.00015878677368164062,0.011759042739868164,0.0002181529998779297,0.017194032669067383,0.0002200603485107422,0.014019012451171875,0.0002968311309814453,0.016764163970947266,0.00037288665771484375,0.011063098907470703,0.0003418922424316406,123.52941393852234,0.0002510547637939453,6.890296936035156e-05,0.0006458759307861328,0.00011301040649414062,0.0016829967498779297,,,57516.96875,8010348,625,52856,0,257568,50,334809,0,0.0,9620172,2450,7624589,0,0,45,0,9525220,,,,,,
simultaneous,3,,,,,,,,,,,,,,4309.016666666666,0.5663716814159292,0.5636363636363636,0.0,0.0,1.0,0.014492753623188406,-0.014285714285714285,0.5280898876404494,0.10619469026548672,0.15454545454545454,0.18584070796460178,0.13636363636363635,-0.028985507246376812,-0.02857142857142857,0.18867924528301888,0.325,0.5566037735849056,0.3,0.375,5594.666666666667,0.7541666666666667,0.7583333333333333,0.75,-0.049166666666666685,0.13043478260869565,0.1,0.7208333333333333,0.6958333333333333,2068328,240,2685440,480,0.6194690265486725,0.5,2.0,0.375,0.3,0.17699115044247787,0.18181818181818182,0.18584070796460178,0.17272727272727273,,,,,,,,,,,,,,,,,,,,,,,,,,,,,0.31142890453338623,0.0038432152941823006,0.0038192833308130503,0.0004,,,,3,0.08333333333333333,3,3.0,3,,,,,,,,,,,,,,,,,,,,,,,,,,,,,,,,,,,,,,,,,,,,,,,0.19033026695251465,0.513873815536499,,1509.423887014389,1027.8212120215098,294.54555106163025,2.020388126373291,1554.5354130268097,0.0803079605102539,0.00011491775512695312,0.031511783599853516,0.00016307830810546875,0.02768707275390625,0.006181955337524414,0.034793853759765625,0.002045869827270508,0.009556055068969727,0.016062021255493164,0.019308090209960938,0.00020384788513183594,0.011608123779296875,0.0003681182861328125,29.707458972930908,0.0001609325408935547,0.05508923530578613,0.00598597526550293,0.025149822235107422,0.012663125991821289,0.013045072555541992,0.0002090930938720703,0.01505899429321289,0.00022077560424804688,0.01773524284362793,0.00023603439331054688,0.014256000518798828,0.000293731689453125,0.022195100784301758,0.0005829334259033203,41.64299130439758,0.00024390220642089844,9.393692016601562e-05,0.0004429817199707031,0.0001621246337890625,7.700920104980469e-05,,,84368.796875,10155814,753,62516,0,257568,50,334809,0,0.0,12365580,2962,9741531,0,0,61,0,14114838,,,,,,
simultaneous,4,,,,,,,,,,,,,,4657.3,0.6568627450980392,0.6631578947368421,0.0,0.0,1.0,0.1076923076923077,-0.05263157894736842,0.3670886075949367,0.17647058823529413,0.18947368421052632,0.23529411764705882,0.24210526315789474,0.13846153846153847,-0.07017543859649122,0.15217391304347827,0.26666666666666666,0.6739130434782609,0.36666666666666664,0.36666666666666664,5445.722916666667,0.6645833333333333,0.6958333333333333,0.6333333333333333,-0.06708333333333334,0.16923076923076924,0.19298245614035087,0.6666666666666666,0.6125,2235504,240,2613947,480,0.7653061224489796,0.6666666666666666,2.0,0.36666666666666664,0.36666666666666664,0.14705882352941177,0.15789473684210525,0.1568627450980392,0.10526315789473684,,,,,,,,,,,,,,,,,,,,,,,,,,,,,0.30706605315208435,0.0022113826125860214,0.002395427320152521,0.0004,,,,4,0.10416666666666667,4,4.0,4,,,,,,,,,,,,,,,,,,,,,,,,,,,,,,,,,,,,,,,,,,,,,,,0.2668180465698242,1.191429853439331,,1599.49529337883,1135.8997284650802,312.83386397361755,6.654002904891968,1651.4586389064789,0.11533284187316895,0.0001971721649169922,0.030176639556884766,0.0001552104949951172,0.06393098831176758,0.00028228759765625,0.04355502128601074,0.00021982192993164062,0.04691290855407715,0.0001442432403564453,0.009488821029663086,0.00019097328186035156,0.01989293098449707,0.0002739429473876953,38.991864919662476,0.0005731582641601562,0.17191219329833984,0.0003781318664550781,0.023302078247070312,0.0060918331146240234,0.020234107971191406,0.007233858108520508,0.017416954040527344,0.0002868175506591797,0.013962030410766602,0.0004658699035644531,0.020766019821166992,0.0004961490631103516,0.011646747589111328,0.0004317760467529297,42.23153471946716,0.0004818439483642578,4.57763671875e-05,0.0006868839263916016,8.273124694824219e-05,0.0025849342346191406,,,83609.4140625,12507651,881,81435,0,257568,50,334809,0,0.0,15042425,3474,12031185,0,0,77,0,18789193,,,,,,
simultaneous,5,0.5714285714285714,0.5555555555555556,-0.23076923076923078,-0.08333333333333333,0.3333333333333333,0.19047619047619047,0.16666666666666666,0.2857142857142857,0.2777777777777778,-0.15384615384615385,-0.08333333333333333,0.4375,0.2,5876.516666666666,0.4666666666666667,0.47297297297297297,0.0,0.0,1.0,0.15151515151515152,0.125,0.47058823529411764,0.13333333333333333,0.16216216216216217,0.18666666666666668,0.17567567567567569,0.15151515151515152,-0.03125,0.4375,0.18333333333333332,0.484375,0.4083333333333333,0.4083333333333333,6355.345833333334,0.44583333333333336,0.45,0.44166666666666665,-0.11083333333333334,0.3939393939393939,0.3125,0.43333333333333335,0.4166666666666667,2820728,240,3050566,480,0.6619718309859155,0.5333333333333333,2.0,0.4083333333333333,0.4083333333333333,0.2,0.21621621621621623,0.25333333333333335,0.21621621621621623,0.5789473684210527,0.55,-0.07692307692307693,-0.25,0.3157894736842105,0.05,0.15789473684210525,0.4,-0.15384615384615385,-0.08333333333333333,0.56,0.24,0.64,0.64,0.38461538461538464,0.4166666666666667,0.62,0.62,0.52,0.24,0.56,0.21052631578947367,0.15,0.05263157894736842,0.15,0.625,0.44,0.36,0.3409700095653534,0.0017339405603706837,0.0017802459187805653,0.0004,0.64,0.68,0.6,5,0.125,5,5.0,5,0.5384615384615384,0.25,5071.56712962963,0.6013513513513513,0.5617283950617284,0.037037037037037035,0.0,0.9629629629629629,0.08139534883720931,0.0875,0.4036697247706422,0.17567567567567569,0.17901234567901234,0.1891891891891892,0.16666666666666666,0.0,0.0375,0.21481481481481482,0.3148148148148148,0.5777777777777777,0.37037037037037035,0.3148148148148148,5633.368055555556,0.5509259259259259,0.5416666666666666,0.5601851851851852,-0.08981481481481482,0.26744186046511625,0.1875,0.5185185185185185,0.5555555555555556,4381834,432,4867230,864,0.7066666666666667,0.36363636363636365,2.0,0.3148148148148148,0.37037037037037035,0.10135135135135136,0.1111111111111111,0.14864864864864866,0.17901234567901234,0.66,0.58,0.257296085357666,3.3496267795562744,2406.602242231369,4220.423342704773,2842.6402279138565,686.0399169921875,26.571417093276978,6726.93404507637,0.0928339958190918,,0.0876927375793457,0.00019621849060058594,0.02320384979248047,0.00022411346435546875,0.10082888603210449,0.003404855728149414,0.020865201950073242,0.0002372264862060547,0.019073963165283203,0.0004298686981201172,46.99658203125,0.00025272369384765625,,0.00021004676818847656,0.19840383529663086,0.0025320053100585938,0.10427212715148926,0.0001518726348876953,0.07346105575561523,0.00021696090698242188,0.25539207458496094,0.0005698204040527344,0.055696964263916016,0.00020003318786621094,0.021542787551879883,0.0002808570861816406,44.98966073989868,0.0006542205810546875,19.877398014068604,0.00013065338134765625,6.985664367675781e-05,0.002482891082763672,6.890296936035156e-05,0.0018579959869384766,0.7,1.0,54648.02734375,20373398,1250,114829,0,576598,100,685676,0,0.0,23307035,4900,19535789,0,0,92,0,24522867,0.36,0.44,0.19047619047619047,0.16666666666666666,0.09523809523809523,0.1111111111111111
simultaneous,6,,,,,,,,,,,,,,5938.222916666667,0.7121212121212122,0.7164179104477612,0.0,0.0,1.0,-0.1111111111111111,-0.18518518518518517,0.5217391304347826,0.25757575757575757,0.1791044776119403,0.18181818181818182,0.29850746268656714,0.14814814814814814,0.037037037037037035,0.21818181818181817,0.25833333333333336,0.7454545454545455,0.43333333333333335,0.30833333333333335,6501.608333333334,0.38958333333333334,0.3875,0.39166666666666666,-0.12208333333333335,0.3333333333333333,0.48148148148148145,0.37083333333333335,0.39166666666666666,2850347,240,3120772,480,0.8636363636363636,0.4,2.0,0.30833333333333335,0.43333333333333335,0.12121212121212122,0.05970149253731343,0.12121212121212122,0.1791044776119403,,,,,,,,,,,,,,,,,,,,,,,,,,,,,0.29923108220100403,0.0031003798358142376,0.0032504191622138023,0.0004,,,,6,0.14583333333333334,6,6.0,6,,,,,,,,,,,,,,,,,,,,,,,,,,,,,,,,,,,,,,,,,,,,,,,0.3275728225708008,2.538517951965332,,2054.1938621997833,1383.2657604138055,330.6032111644745,2.092318058013916,2135.0692467689514,0.07848310470581055,0.002315998077392578,0.03611302375793457,0.0004570484161376953,0.011914968490600586,0.00010991096496582031,0.015463829040527344,0.0009002685546875,0.019713878631591797,0.0059850215911865234,0.01137399673461914,0.00018978118896484375,7.387782096862793,0.0002486705780029297,33.020763874053955,0.0005340576171875,0.23832297325134277,0.0009620189666748047,0.05685830116271973,0.0001590251922607422,0.0691840648651123,0.00042700767517089844,0.03848695755004883,0.00032210350036621094,0.05481386184692383,0.007707834243774414,0.04535198211669922,0.010189056396484375,0.020533084869384766,0.016892194747924805,72.57009100914001,0.0006957054138183594,5.793571472167969e-05,0.013273000717163086,0.0003619194030761719,0.0008780956268310547,,,128923.59375,23354701,1378,127111,0,576598,100,685676,0,0.0,26493061,5412,22455464,0,0,108,0,30432395,,,,,,
simultaneous,7,,,,,,,,,,,,,,6227.453125,0.6031746031746031,0.5757575757575758,0.0,0.0,1.0,0.0,-0.19230769230769232,0.325,0.12698412698412698,0.18181818181818182,0.2698412698412698,0.22727272727272727,0.0,-0.15384615384615385,0.21153846153846154,0.2421875,0.6923076923076923,0.3828125,0.375,6467.818359375,0.341796875,0.32421875,0.359375,-0.131640625,0.1,0.2692307692307692,0.3046875,0.3359375,3188456,256,3311523,512,0.7903225806451613,0.6,2.0,0.375,0.3828125,0.2222222222222222,0.16666666666666666,0.06349206349206349,0.16666666666666666,,,,,,,,,,,,,,,,,,,,,,,,,,,,,0.26615282893180847,0.0012570163235068321,0.001296099741011858,0.0004,,,,7,0.16666666666666666,7,7.0,7,,,,,,,,,,,,,,,,,,,,,,,,,,,,,,,,,,,,,,,,,,,,,,,0.27458786964416504,2.0481231212615967,,2190.670308113098,1612.8571157380939,786.5281918048859,3.563490152359009,2283.861542224884,0.03885221481323242,0.00018715858459472656,0.009509086608886719,0.000209808349609375,0.012722253799438477,0.00019812583923339844,0.013437032699584961,0.00021910667419433594,0.010546207427978516,0.00021719932556152344,24.318567991256714,0.0002608299255371094,35.113945960998535,0.00022602081298828125,25.334980964660645,0.00017595291137695312,0.14301204681396484,0.0002880096435546875,0.03183698654174805,0.0002009868621826172,0.01460719108581543,0.00033926963806152344,0.0177459716796875,0.0021009445190429688,0.0164487361907959,0.00858926773071289,18.794365882873535,0.00035500526428222656,32.3361611366272,0.006106138229370117,33.73511505126953,0.00028014183044433594,0.3327641487121582,0.00015687942504882812,0.2189648151397705,0.0009801387786865234,,,48951.37109375,26607721,1506,139498,0,576598,100,685676,0,0.0,29804584,5924,25643920,0,0,124,0,36850891,,,,,,
